TDSFU Daily run: Mon Oct 27 13:44:33 UTC 2025 TDSFU
TDSFU Daily run: Mon Oct 27 13:44:58 UTC 2025 TDSFU
TDSFU Daily run: Tue Oct 28 04:35:26 UTC 2025 TDSFU
TDSFU Daily run: Wed Oct 29 04:41:04 UTC 2025 TDSFU
TDSFU Daily run: Thu Oct 30 04:34:50 UTC 2025 TDSFU
TDSFU Daily run: Fri Oct 31 04:37:11 UTC 2025 TDSFU
TDSFU Daily run: Sat Nov  1 04:33:03 UTC 2025 TDSFU
TDSFU Daily run: Sun Nov  2 04:35:55 UTC 2025 TDSFU
TDSFU Daily run: Mon Nov  3 04:41:51 UTC 2025 TDSFU
TDSFU Daily run: Tue Nov  4 04:35:27 UTC 2025 TDSFU
TDSFU Daily run: Wed Nov  5 04:35:53 UTC 2025 TDSFU
TDSFU Daily run: Thu Nov  6 04:41:29 UTC 2025 TDSFU
TDSFU Daily run: Fri Nov  7 04:35:20 UTC 2025 TDSFU
TDSFU Daily run: Sat Nov  8 04:33:51 UTC 2025 TDSFU
